Workbook

Sheet About
A1: BRSR Scope 1 & 2 Disclosure Scorecard: 10 Nifty 50 companies, FY2025-26
A2: Quality of greenhouse-gas disclosure in SEBI Business Responsibility & Sustainability Reports
A4: What this scores
A5: How well each company discloses its Scope 1 and 2 emissions in its FY2025-26 BRSR (Principle 6, Essential Indicator 7, plus the Scope 3 leadership indicator). It scores disclosure quality and transparency, not emissions performance: a heavy emitter can score well if it reports clearly.
A7: Sheets
A8: Scores: total score out of 100, rank and grade, computed by formula from the Assessment and Rubric sheets.
A9: Assessment: the level assigned to each company on each criterion (yellow cells, blue text = editable input), with rationale.
A10: Rubric: the 9 criteria, their weights and the points for each level. Edit points here and all scores update.
A11: Emissions Data: Scope 1, 2 and 3 figures as reported, year-on-year change, intensities, assurer and target, with source links.
A13: Method
A14: 1. Sample: 10 Nifty 50 constituents across 9 sectors, weighted toward high emitters (power, cement, steel, oil) with IT, banking, FMCG, autos and engineering for contrast.
A15: 2. Source: each company's FY2025-26 BRSR as filed with NSE or published on its website (filed May-Aug 2026). Figures were extracted from the PDF text layer and checked against the GHG table of each report.
... A23: Prepared by Mayank Majoka, October 2026. Not investment advice.

Sheet Scores
A1: BRSR Scope 1 & 2 Disclosure Scores, FY2025-26
A2: Out of 100. Higher = more complete, transparent and assured disclosure (not lower emissions).
A4: Company | B4: Sector | C4: Absolute Scope 1 & 2 | D4: Gas-wise breakdown | E4: Intensity metrics | F4: Scope 2 method | G4: Methodology & factors | H4: External assurance | I4: Boundary clarity | J4: Scope 3 (leadership) | K4: Reduction target | L4: Total (/100) | M4: Rank | N4: Grade
A5: =Assessment!A2 | B5: Oil to chemicals | C5: =SUMIFS(Rubric!$C$2:$C$30,Rubric!$A$2:$A$30,"Absolute Scope 1 & 2",Rubric!$B$2:$B$30,Assessment!B2) | D5: =SUMIFS(Rubric!$C$2:$C$30,Rubric!$A$2:$A$30,"Gas-wise breakdown",Rubric!$B$2:$B$30,Assessment!C2) | E5: =SUMIFS(Rubric!$C$2:$C$30,Rubric!$A$2:$A$30,"Intensity metrics",Rubric!$B$2:$B$30,Assessment!D2) | F5: =SUMIFS(Rubric!$C$2:$C$30,Rubric!$A$2:$A$30,"Scope 2 method",Rubric!$B$2:$B$30,Assessment!E2) | G5: =SUMIFS(Rubric!$C$2:$C$30,Rubric!$A$2:$A$30,"Methodology & factors",Rubric!$B$2:$B$30,Assessment!F2) | H5: =SUMIFS(Rubric!$C$2:$C$30,Rubric!$A$2:$A$30,"External assurance",Rubric!$B$2:$B$30,Assessment!G2) | I5: =SUMIFS(Rubric!$C$2:$C$30,Rubric!$A$2:$A$30,"Boundary clarity",Rubric!$B$2:$B$30,Assessment!H2) | J5: =SUMIFS(Rubric!$C$2:$C$30,Rubric!$A$2:$A$30,"Scope 3 (leadership)",Rubric!$B$2:$B$30,Assessment!I2) | K5: =SUMIFS(Rubric!$C$2:$C$30,Rubric!$A$2:$A$30,"Reduction target",Rubric!$B$2:$B$30,Assessment!J2) | L5: =SUM(C5:K5) | M5: =RANK(L5,$L$5:$L$14) | N5: =IF(L5>=85,"A",IF(L5>=70,"B",IF(L5>=55,"C","D")))
A6: =Assessment!A3 | B6: IT services | C6: =SUMIFS(Rubric!$C$2:$C$30,Rubric!$A$2:$A$30,"Absolute Scope 1 & 2",Rubric!$B$2:$B$30,Assessment!B3) | D6: =SUMIFS(Rubric!$C$2:$C$30,Rubric!$A$2:$A$30,"Gas-wise breakdown",Rubric!$B$2:$B$30,Assessment!C3) | E6: =SUMIFS(Rubric!$C$2:$C$30,Rubric!$A$2:$A$30,"Intensity metrics",Rubric!$B$2:$B$30,Assessment!D3) | F6: =SUMIFS(Rubric!$C$2:$C$30,Rubric!$A$2:$A$30,"Scope 2 method",Rubric!$B$2:$B$30,Assessment!E3) | G6: =SUMIFS(Rubric!$C$2:$C$30,Rubric!$A$2:$A$30,"Methodology & factors",Rubric!$B$2:$B$30,Assessment!F3) | H6: =SUMIFS(Rubric!$C$2:$C$30,Rubric!$A$2:$A$30,"External assurance",Rubric!$B$2:$B$30,Assessment!G3) | I6: =SUMIFS(Rubric!$C$2:$C$30,Rubric!$A$2:$A$30,"Boundary clarity",Rubric!$B$2:$B$30,Assessment!H3) | J6: =SUMIFS(Rubric!$C$2:$C$30,Rubric!$A$2:$A$30,"Scope 3 (leadership)",Rubric!$B$2:$B$30,Assessment!I3) | K6: =SUMIFS(Rubric!$C$2:$C$30,Rubric!$A$2:$A$30,"Reduction target",Rubric!$B$2:$B$30,Assessment!J3) | L6: =SUM(C6:K6) | M6: =RANK(L6,$L$5:$L$14) | N6: =IF(L6>=85,"A",IF(L6>=70,"B",IF(L6>=55,"C","D")))
A7: =Assessment!A4 | B7: IT services | C7: =SUMIFS(Rubric!$C$2:$C$30,Rubric!$A$2:$A$30,"Absolute Scope 1 & 2",Rubric!$B$2:$B$30,Assessment!B4) | D7: =SUMIFS(Rubric!$C$2:$C$30,Rubric!$A$2:$A$30,"Gas-wise breakdown",Rubric!$B$2:$B$30,Assessment!C4) | E7: =SUMIFS(Rubric!$C$2:$C$30,Rubric!$A$2:$A$30,"Intensity metrics",Rubric!$B$2:$B$30,Assessment!D4) | F7: =SUMIFS(Rubric!$C$2:$C$30,Rubric!$A$2:$A$30,"Scope 2 method",Rubric!$B$2:$B$30,Assessment!E4) | G7: =SUMIFS(Rubric!$C$2:$C$30,Rubric!$A$2:$A$30,"Methodology & factors",Rubric!$B$2:$B$30,Assessment!F4) | H7: =SUMIFS(Rubric!$C$2:$C$30,Rubric!$A$2:$A$30,"External assurance",Rubric!$B$2:$B$30,Assessment!G4) | I7: =SUMIFS(Rubric!$C$2:$C$30,Rubric!$A$2:$A$30,"Boundary clarity",Rubric!$B$2:$B$30,Assessment!H4) | J7: =SUMIFS(Rubric!$C$2:$C$30,Rubric!$A$2:$A$30,"Scope 3 (leadership)",Rubric!$B$2:$B$30,Assessment!I4) | K7: =SUMIFS(Rubric!$C$2:$C$30,Rubric!$A$2:$A$30,"Reduction target",Rubric!$B$2:$B$30,Assessment!J4) | L7: =SUM(C7:K7) | M7: =RANK(L7,$L$5:$L$14) | N7: =IF(L7>=85,"A",IF(L7>=70,"B",IF(L7>=55,"C","D")))
A8: =Assessment!A5 | B8: Banking | C8: =SUMIFS(Rubric!$C$2:$C$30,Rubric!$A$2:$A$30,"Absolute Scope 1 & 2",Rubric!$B$2:$B$30,Assessment!B5) | D8: =SUMIFS(Rubric!$C$2:$C$30,Rubric!$A$2:$A$30,"Gas-wise breakdown",Rubric!$B$2:$B$30,Assessment!C5) | E8: =SUMIFS(Rubric!$C$2:$C$30,Rubric!$A$2:$A$30,"Intensity metrics",Rubric!$B$2:$B$30,Assessment!D5) | F8: =SUMIFS(Rubric!$C$2:$C$30,Rubric!$A$2:$A$30,"Scope 2 method",Rubric!$B$2:$B$30,Assessment!E5) | G8: =SUMIFS(Rubric!$C$2:$C$30,Rubric!$A$2:$A$30,"Methodology & factors",Rubric!$B$2:$B$30,Assessment!F5) | H8: =SUMIFS(Rubric!$C$2:$C$30,Rubric!$A$2:$A$30,"External assurance",Rubric!$B$2:$B$30,Assessment!G5) | I8: =SUMIFS(Rubric!$C$2:$C$30,Rubric!$A$2:$A$30,"Boundary clarity",Rubric!$B$2:$B$30,Assessment!H5) | J8: =SUMIFS(Rubric!$C$2:$C$30,Rubric!$A$2:$A$30,"Scope 3 (leadership)",Rubric!$B$2:$B$30,Assessment!I5) | K8: =SUMIFS(Rubric!$C$2:$C$30,Rubric!$A$2:$A$30,"Reduction target",Rubric!$B$2:$B$30,Assessment!J5) | L8: =SUM(C8:K8) | M8: =RANK(L8,$L$5:$L$14) | N8: =IF(L8>=85,"A",IF(L8>=70,"B",IF(L8>=55,"C","D")))
A9: =Assessment!A6 | B9: FMCG / conglomerate | C9: =SUMIFS(Rubric!$C$2:$C$30,Rubric!$A$2:$A$30,"Absolute Scope 1 & 2",Rubric!$B$2:$B$30,Assessment!B6) | D9: =SUMIFS(Rubric!$C$2:$C$30,Rubric!$A$2:$A$30,"Gas-wise breakdown",Rubric!$B$2:$B$30,Assessment!C6) | E9: =SUMIFS(Rubric!$C$2:$C$30,Rubric!$A$2:$A$30,"Intensity metrics",Rubric!$B$2:$B$30,Assessment!D6) | F9: =SUMIFS(Rubric!$C$2:$C$30,Rubric!$A$2:$A$30,"Scope 2 method",Rubric!$B$2:$B$30,Assessment!E6) | G9: =SUMIFS(Rubric!$C$2:$C$30,Rubric!$A$2:$A$30,"Methodology & factors",Rubric!$B$2:$B$30,Assessment!F6) | H9: =SUMIFS(Rubric!$C$2:$C$30,Rubric!$A$2:$A$30,"External assurance",Rubric!$B$2:$B$30,Assessment!G6) | I9: =SUMIFS(Rubric!$C$2:$C$30,Rubric!$A$2:$A$30,"Boundary clarity",Rubric!$B$2:$B$30,Assessment!H6) | J9: =SUMIFS(Rubric!$C$2:$C$30,Rubric!$A$2:$A$30,"Scope 3 (leadership)",Rubric!$B$2:$B$30,Assessment!I6) | K9: =SUMIFS(Rubric!$C$2:$C$30,Rubric!$A$2:$A$30,"Reduction target",Rubric!$B$2:$B$30,Assessment!J6) | L9: =SUM(C9:K9) | M9: =RANK(L9,$L$5:$L$14) | N9: =IF(L9>=85,"A",IF(L9>=70,"B",IF(L9>=55,"C","D")))
A10: =Assessment!A7 | B10: Power generation | C10: =SUMIFS(Rubric!$C$2:$C$30,Rubric!$A$2:$A$30,"Absolute Scope 1 & 2",Rubric!$B$2:$B$30,Assessment!B7) | D10: =SUMIFS(Rubric!$C$2:$C$30,Rubric!$A$2:$A$30,"Gas-wise breakdown",Rubric!$B$2:$B$30,Assessment!C7) | E10: =SUMIFS(Rubric!$C$2:$C$30,Rubric!$A$2:$A$30,"Intensity metrics",Rubric!$B$2:$B$30,Assessment!D7) | F10: =SUMIFS(Rubric!$C$2:$C$30,Rubric!$A$2:$A$30,"Scope 2 method",Rubric!$B$2:$B$30,Assessment!E7) | G10: =SUMIFS(Rubric!$C$2:$C$30,Rubric!$A$2:$A$30,"Methodology & factors",Rubric!$B$2:$B$30,Assessment!F7) | H10: =SUMIFS(Rubric!$C$2:$C$30,Rubric!$A$2:$A$30,"External assurance",Rubric!$B$2:$B$30,Assessment!G7) | I10: =SUMIFS(Rubric!$C$2:$C$30,Rubric!$A$2:$A$30,"Boundary clarity",Rubric!$B$2:$B$30,Assessment!H7) | J10: =SUMIFS(Rubric!$C$2:$C$30,Rubric!$A$2:$A$30,"Scope 3 (leadership)",Rubric!$B$2:$B$30,Assessment!I7) | K10: =SUMIFS(Rubric!$C$2:$C$30,Rubric!$A$2:$A$30,"Reduction target",Rubric!$B$2:$B$30,Assessment!J7) | L10: =SUM(C10:K10) | M10: =RANK(L10,$L$5:$L$14) | N10: =IF(L10>=85,"A",IF(L10>=70,"B",IF(L10>=55,"C","D")))
A11: =Assessment!A8 | B11: Cement | C11: =SUMIFS(Rubric!$C$2:$C$30,Rubric!$A$2:$A$30,"Absolute Scope 1 & 2",Rubric!$B$2:$B$30,Assessment!B8) | D11: =SUMIFS(Rubric!$C$2:$C$30,Rubric!$A$2:$A$30,"Gas-wise breakdown",Rubric!$B$2:$B$30,Assessment!C8) | E11: =SUMIFS(Rubric!$C$2:$C$30,Rubric!$A$2:$A$30,"Intensity metrics",Rubric!$B$2:$B$30,Assessment!D8) | F11: =SUMIFS(Rubric!$C$2:$C$30,Rubric!$A$2:$A$30,"Scope 2 method",Rubric!$B$2:$B$30,Assessment!E8) | G11: =SUMIFS(Rubric!$C$2:$C$30,Rubric!$A$2:$A$30,"Methodology & factors",Rubric!$B$2:$B$30,Assessment!F8) | H11: =SUMIFS(Rubric!$C$2:$C$30,Rubric!$A$2:$A$30,"External assurance",Rubric!$B$2:$B$30,Assessment!G8) | I11: =SUMIFS(Rubric!$C$2:$C$30,Rubric!$A$2:$A$30,"Boundary clarity",Rubric!$B$2:$B$30,Assessment!H8) | J11: =SUMIFS(Rubric!$C$2:$C$30,Rubric!$A$2:$A$30,"Scope 3 (leadership)",Rubric!$B$2:$B$30,Assessment!I8) | K11: =SUMIFS(Rubric!$C$2:$C$30,Rubric!$A$2:$A$30,"Reduction target",Rubric!$B$2:$B$30,Assessment!J8) | L11: =SUM(C11:K11) | M11: =RANK(L11,$L$5:$L$14) | N11: =IF(L11>=85,"A",IF(L11>=70,"B",IF(L11>=55,"C","D")))
A12: =Assessment!A9 | B12: Engineering & construction | C12: =SUMIFS(Rubric!$C$2:$C$30,Rubric!$A$2:$A$30,"Absolute Scope 1 & 2",Rubric!$B$2:$B$30,Assessment!B9) | D12: =SUMIFS(Rubric!$C$2:$C$30,Rubric!$A$2:$A$30,"Gas-wise breakdown",Rubric!$B$2:$B$30,Assessment!C9) | E12: =SUMIFS(Rubric!$C$2:$C$30,Rubric!$A$2:$A$30,"Intensity metrics",Rubric!$B$2:$B$30,Assessment!D9) | F12: =SUMIFS(Rubric!$C$2:$C$30,Rubric!$A$2:$A$30,"Scope 2 method",Rubric!$B$2:$B$30,Assessment!E9) | G12: =SUMIFS(Rubric!$C$2:$C$30,Rubric!$A$2:$A$30,"Methodology & factors",Rubric!$B$2:$B$30,Assessment!F9) | H12: =SUMIFS(Rubric!$C$2:$C$30,Rubric!$A$2:$A$30,"External assurance",Rubric!$B$2:$B$30,Assessment!G9) | I12: =SUMIFS(Rubric!$C$2:$C$30,Rubric!$A$2:$A$30,"Boundary clarity",Rubric!$B$2:$B$30,Assessment!H9) | J12: =SUMIFS(Rubric!$C$2:$C$30,Rubric!$A$2:$A$30,"Scope 3 (leadership)",Rubric!$B$2:$B$30,Assessment!I9) | K12: =SUMIFS(Rubric!$C$2:$C$30,Rubric!$A$2:$A$30,"Reduction target",Rubric!$B$2:$B$30,Assessment!J9) | L12: =SUM(C12:K12) | M12: =RANK(L12,$L$5:$L$14) | N12: =IF(L12>=85,"A",IF(L12>=70,"B",IF(L12>=55,"C","D")))
A13: =Assessment!A10 | B13: Automobiles | C13: =SUMIFS(Rubric!$C$2:$C$30,Rubric!$A$2:$A$30,"Absolute Scope 1 & 2",Rubric!$B$2:$B$30,Assessment!B10) | D13: =SUMIFS(Rubric!$C$2:$C$30,Rubric!$A$2:$A$30,"Gas-wise breakdown",Rubric!$B$2:$B$30,Assessment!C10) | E13: =SUMIFS(Rubric!$C$2:$C$30,Rubric!$A$2:$A$30,"Intensity metrics",Rubric!$B$2:$B$30,Assessment!D10) | F13: =SUMIFS(Rubric!$C$2:$C$30,Rubric!$A$2:$A$30,"Scope 2 method",Rubric!$B$2:$B$30,Assessment!E10) | G13: =SUMIFS(Rubric!$C$2:$C$30,Rubric!$A$2:$A$30,"Methodology & factors",Rubric!$B$2:$B$30,Assessment!F10) | H13: =SUMIFS(Rubric!$C$2:$C$30,Rubric!$A$2:$A$30,"External assurance",Rubric!$B$2:$B$30,Assessment!G10) | I13: =SUMIFS(Rubric!$C$2:$C$30,Rubric!$A$2:$A$30,"Boundary clarity",Rubric!$B$2:$B$30,Assessment!H10) | J13: =SUMIFS(Rubric!$C$2:$C$30,Rubric!$A$2:$A$30,"Scope 3 (leadership)",Rubric!$B$2:$B$30,Assessment!I10) | K13: =SUMIFS(Rubric!$C$2:$C$30,Rubric!$A$2:$A$30,"Reduction target",Rubric!$B$2:$B$30,Assessment!J10) | L13: =SUM(C13:K13) | M13: =RANK(L13,$L$5:$L$14) | N13: =IF(L13>=85,"A",IF(L13>=70,"B",IF(L13>=55,"C","D")))
A14: =Assessment!A11 | B14: Steel | C14: =SUMIFS(Rubric!$C$2:$C$30,Rubric!$A$2:$A$30,"Absolute Scope 1 & 2",Rubric!$B$2:$B$30,Assessment!B11) | D14: =SUMIFS(Rubric!$C$2:$C$30,Rubric!$A$2:$A$30,"Gas-wise breakdown",Rubric!$B$2:$B$30,Assessment!C11) | E14: =SUMIFS(Rubric!$C$2:$C$30,Rubric!$A$2:$A$30,"Intensity metrics",Rubric!$B$2:$B$30,Assessment!D11) | F14: =SUMIFS(Rubric!$C$2:$C$30,Rubric!$A$2:$A$30,"Scope 2 method",Rubric!$B$2:$B$30,Assessment!E11) | G14: =SUMIFS(Rubric!$C$2:$C$30,Rubric!$A$2:$A$30,"Methodology & factors",Rubric!$B$2:$B$30,Assessment!F11) | H14: =SUMIFS(Rubric!$C$2:$C$30,Rubric!$A$2:$A$30,"External assurance",Rubric!$B$2:$B$30,Assessment!G11) | I14: =SUMIFS(Rubric!$C$2:$C$30,Rubric!$A$2:$A$30,"Boundary clarity",Rubric!$B$2:$B$30,Assessment!H11) | J14: =SUMIFS(Rubric!$C$2:$C$30,Rubric!$A$2:$A$30,"Scope 3 (leadership)",Rubric!$B$2:$B$30,Assessment!I11) | K14: =SUMIFS(Rubric!$C$2:$C$30,Rubric!$A$2:$A$30,"Reduction target",Rubric!$B$2:$B$30,Assessment!J11) | L14: =SUM(C14:K14) | M14: =RANK(L14,$L$5:$L$14) | N14: =IF(L14>=85,"A",IF(L14>=70,"B",IF(L14>=55,"C","D")))
A15: Average | C15: =AVERAGE(C5:C14) | D15: =AVERAGE(D5:D14) | E15: =AVERAGE(E5:E14) | F15: =AVERAGE(F5:F14) | G15: =AVERAGE(G5:G14) | H15: =AVERAGE(H5:H14) | I15: =AVERAGE(I5:I14) | J15: =AVERAGE(J5:J14) | ... L15: =AVERAGE(L5:L14)
A16: Maximum possible | C16: =SUMIFS(Rubric!$D$2:$D$30,Rubric!$A$2:$A$30,"Absolute Scope 1 & 2") | D16: =SUMIFS(Rubric!$D$2:$D$30,Rubric!$A$2:$A$30,"Gas-wise breakdown") | E16: =SUMIFS(Rubric!$D$2:$D$30,Rubric!$A$2:$A$30,"Intensity metrics") | F16: =SUMIFS(Rubric!$D$2:$D$30,Rubric!$A$2:$A$30,"Scope 2 method") | G16: =SUMIFS(Rubric!$D$2:$D$30,Rubric!$A$2:$A$30,"Methodology & factors") | H16: =SUMIFS(Rubric!$D$2:$D$30,Rubric!$A$2:$A$30,"External assurance") | I16: =SUMIFS(Rubric!$D$2:$D$30,Rubric!$A$2:$A$30,"Boundary clarity") | J16: =SUMIFS(Rubric!$D$2:$D$30,Rubric!$A$2:$A$30,"Scope 3 (leadership)") | K16: =SUMIFS(Rubric!$D$2:$D$30,Rubric!$A$2:$A$30,"Reduction target") | L16: =Rubric!D32
A17: Average as % of max | C17: =IF(C16=0,0,C15/C16) | D17: =IF(D16=0,0,D15/D16) | E17: =IF(E16=0,0,E15/E16) | F17: =IF(F16=0,0,F15/F16) | G17: =IF(G16=0,0,G15/G16) | H17: =IF(H16=0,0,H15/H16) | I17: =IF(I16=0,0,I15/I16) | J17: =IF(J16=0,0,J15/J16) | ... L17: =IF(L16=0,0,L15/L16)

Sheet Rubric
A1: Criterion | B1: Level | C1: Points | D1: Max points | E1: What it measures
A2: Absolute Scope 1 & 2 | B2: Full | C2: 15 | D2: 15 | E2: Scope 1 and Scope 2 reported in tCO2e for current and prior year at usable precision
A3: Absolute Scope 1 & 2 | B3: Rounded | C3: 12
A4: Absolute Scope 1 & 2 | B4: Partial | C4: 7
A5: Absolute Scope 1 & 2 | B5: Missing | C5: 0
A6: Gas-wise breakdown | B6: Full | C6: 10 | D6: 10 | E6: Break-up into CO2, CH4, N2O, HFCs etc., as the BRSR format requests 'if available'
A7: Gas-wise breakdown | B7: Partial | C7: 5
A8: Gas-wise breakdown | B8: None | C8: 0
A9: Intensity metrics | B9: All three | C9: 15 | D9: 15 | E9: Per rupee of turnover, PPP-adjusted, and physical-output intensity (5 points each)
A10: Intensity metrics | B10: Two | C10: 10
A11: Intensity metrics | B11: One | C11: 5
A12: Intensity metrics | B12: None | C12: 0
A13: Scope 2 method | B13: Both | C13: 10 | D13: 10 | E13: States market- vs location-based; full marks when both figures are given
A14: Scope 2 method | B14: One stated | C14: 5
A15: Scope 2 method | B15: Not stated | C15: 0
A16: Methodology & factors | B16: Stated | C16: 10 | D16: 10 | E16: Names the standard (GHG Protocol / ISO 14064 / IPCC) and emission-factor sources
A17: Methodology & factors | B17: Referenced elsewhere | C17: 5
A18: Methodology & factors | B18: Not stated | C18: 0
A19: External assurance | B19: Reasonable | C19: 15 | D19: 15 | E19: Independent assurance of the GHG figures and its level
A20: External assurance | B20: Limited | C20: 8
A21: External assurance | B21: None | C21: 0
A22: Boundary clarity | B22: Consolidated | C22: 5 | D22: 5 | E22: Clear organisational boundary; consolidated coverage scores higher
A23: Boundary clarity | B23: Standalone | C23: 3
A24: Boundary clarity | B24: Unclear | C24: 0
A25: Scope 3 (leadership) | B25: Category breakdown | C25: 10 | D25: 10 | E25: Voluntary Scope 3 disclosure; category-level split scores higher
A26: Scope 3 (leadership) | B26: Total only | C26: 6
A27: Scope 3 (leadership) | B27: Not disclosed | C27: 0
A28: Reduction target | B28: SBTi | C28: 10 | D28: 10 | E28: Science-based target, or at least a dated net-zero / neutrality commitment
A29: Reduction target | B29: Dated net zero | C29: 6
A30: Reduction target | B30: None found | C30: 0
A32: Total possible | D32: =SUM(D2:D30)
A33: Blue values are editable inputs; scores on the Scores sheet update automatically.

Sheet Assessment
A1: Company | B1: Absolute Scope 1 & 2 | C1: Gas-wise breakdown | D1: Intensity metrics | E1: Scope 2 method | F1: Methodology & factors | G1: External assurance | H1: Boundary clarity | I1: Scope 3 (leadership) | J1: Reduction target | K1: Rationale
A2: Reliance Industries | B2: Full | C2: Full | D2: All three | E2: Both | F2: Stated | G2: Reasonable | H2: Standalone | I2: Not disclosed | J2: Dated net zero | K2: Best-in-class gas split and dual Scope 2; Scope 3 table left without values.
A3: Tata Consultancy Services | B3: Full | C3: Full | D3: All three | E3: Both | F3: Stated | G3: Reasonable | H3: Consolidated | I3: Category breakdown | J3: SBTi | K3: Complete on every criterion: gas split, factor sources, 7-category Scope 3, 1.5C SBTi target.
A4: Infosys | B4: Full | C4: None | D4: All three | E4: Both | F4: Stated | G4: Reasonable | H4: Standalone | I4: Total only | J4: Dated net zero | K4: Strong, but gas split and Scope 3 categories pushed to the ESG Databook rather than the BRSR.
A5: HDFC Bank | B5: Full | C5: Full | D5: All three | E5: One stated | F5: Stated | G5: Reasonable | H5: Standalone | I5: Total only | J5: Dated net zero | K5: Detailed gas split and factors; no location-based Scope 2; financed emissions absent.
A6: ITC | B6: Full | C6: None | D6: All three | E6: Both | F6: Stated | G6: Reasonable | H6: Standalone | I6: Total only | J6: Dated net zero | K6: ISO 14064 inventory with dual Scope 2; no gas split; kilotonne precision.
A7: NTPC | B7: Full | C7: None | D7: All three | E7: Not stated | F7: Not stated | G7: Reasonable | H7: Standalone | I7: Total only | J7: None found | K7: India's largest emitter: figures assured but no method, Scope 2 basis or reduction target.
A8: UltraTech Cement | B8: Full | C8: None | D8: All three | E8: Not stated | F8: Not stated | G8: Reasonable | H8: Standalone | I8: Total only | J8: SBTi | K8: SBTi-validated targets, but BRSR omits methodology and Scope 2 basis.
A9: Larsen & Toubro | B9: Full | C9: None | D9: Two | E9: Not stated | F9: Referenced elsewhere | G9: Reasonable | H9: Standalone | I9: Total only | J9: Dated net zero | K9: No physical intensity, gas split or Scope 2 basis; Scope 3 explicitly unassured.
A10: Mahindra & Mahindra | B10: Full | C10: None | D10: All three | E10: One stated | F10: Stated | G10: Reasonable | H10: Standalone | I10: Total only | J10: SBTi | K10: GHG Protocol + ISO 14064-3 verified, segment intensities; no gas split.
A11: Tata Steel | B11: Rounded | C11: None | D11: All three | E11: One stated | F11: Stated | G11: Reasonable | H11: Consolidated | I11: Total only | J11: Dated net zero | K11: Only company giving standalone and consolidated; figures rounded to whole Mt.
A13: Yellow cells are inputs: choose a level from the dropdown. Points come from the Rubric sheet.

Sheet Emissions Data
A1: Company | B1: Sector | C1: Boundary | D1: Scope 1 FY26 (tCO2e) | E1: Scope 1 FY25 (tCO2e) | F1: Scope 1 YoY | G1: Scope 2 FY26 (tCO2e) | H1: Scope 2 FY25 (tCO2e) | I1: Scope 2 YoY | J1: Scope 1+2 FY26 (tCO2e) | K1: Scope 1 share | L1: Scope 2 basis reported | M1: Scope 2 location-based FY26 | N1: Scope 3 FY26 (tCO2e) | O1: Scope 3 FY25 (tCO2e) | P1: Physical intensity FY26 | Q1: Intensity unit | R1: Assurer | S1: Assurance level | T1: Stated target | U1: Notes | V1: Source (BRSR FY2025-26)
A2: Reliance Industries | B2: Oil to chemicals | C2: Standalone | D2: 36350070 | E2: 36459294 | F2: =IF(E2=0,"",D2/E2-1) | G2: 1918352 | H2: 1470097 | I2: =IF(H2=0,"",G2/H2-1) | J2: =D2+G2 | K2: =IF(J2=0,"",D2/J2) | L2: Market-based | M2: 2532081 | P2: 0.478 | Q2: tCO2e per tonne of throughput (O2C) | R2: Deloitte Haskins & Sells LLP | S2: Reasonable | T2: Net Carbon Zero by 2035 | U2: Gas-wise split (CO2 / CH4 / N2O) given. Methodology: IPCC guidelines with lab-derived CO2 factors. Scope 3 table present but no values found in the text layer of the filing. GHG boundary covers O2C; E&P; CBG plants and owned telecom towers. | V2: Open report
A3: Tata Consultancy Services | B3: IT services | C3: Consolidated | D3: 22631 | E3: 20494.8 | F3: =IF(E3=0,"",D3/E3-1) | G3: 53971 | H3: 55599 | I3: =IF(H3=0,"",G3/H3-1) | J3: =D3+G3 | K3: =IF(J3=0,"",D3/J3) | L3: Not labelled (location-based shown separately) | M3: 318184 | N3: 573872 | O3: 523810 | P3: 0.12 | Q3: tCO2e per FTE | R3: KPMG Assurance and Consulting Services LLP | S3: Reasonable | T3: SBTi 1.5C near-term: -90% abs. Scope 1+2 by FY2030 vs FY2016; -35% Scope 3 by FY2034 | U3: Gas-wise split incl. HFCs. Emission factors: DEFRA 2025 (Scope 1); CEA CO2 Baseline Database v21 (Scope 2). Scope 3 split across categories 1-7. | V3: Open report
A4: Infosys | B4: IT services | C4: Standalone | D4: 11483 | E4: 8745 | F4: =IF(E4=0,"",D4/E4-1) | G4: 34351 | H4: 38586 | I4: =IF(H4=0,"",G4/H4-1) | J4: =D4+G4 | K4: =IF(J4=0,"",D4/J4) | L4: Market-based | M4: 145604 | N4: 207374 | O4: 208659 | P4: 0.13 | Q4: tCO2e per FTE | R4: Deloitte Haskins & Sells LLP | S4: Reasonable | T4: Carbon neutral since FY2020 (Scope 1+2+3) | U4: No gas split in BRSR (refers to ESG Databook Annexure 4 and 6). Scope 3 FY25 restated to add Category 1. Scope 1 covers owned offices (India/US/China) and leased India offices. | V4: Open report
A5: HDFC Bank | B5: Banking | C5: Standalone | D5: 91849.51 | E5: 77999.5 | F5: =IF(E5=0,"",D5/E5-1) | G5: 236495.41 | H5: 284877.91 | I5: =IF(H5=0,"",G5/H5-1) | J5: =D5+G5 | K5: =IF(J5=0,"",D5/J5) | L5: Market-based | N5: 227208.97 | O5: 230310.04 | P5: 1.55 | Q5: tCO2e per FTE | R5: SGS India Private Limited | S5: Reasonable | T5: Carbon neutral (operational) by FY2031-32 | U5: Gas-wise split incl. HFCs (fire suppression agents). Factors: IPCC 2006; AR6 GWPs; CEA v21. Scope 1 rose 18% due to fleet expansion and wider fire-extinguisher coverage. Financed emissions not reported in BRSR GHG table. | V5: Open report
A6: ITC | B6: FMCG / conglomerate | C6: Standalone | D6: 1045000 | E6: 1101000 | F6: =IF(E6=0,"",D6/E6-1) | G6: 151000 | H6: 153000 | I6: =IF(H6=0,"",G6/H6-1) | J6: =D6+G6 | K6: =IF(J6=0,"",D6/J6) | L6: Market-based | M6: 170000 | N6: 1442000 | O6: 1062000 | P6: 1.01 | Q6: tCO2e per tonne (Paperboards & Specialty Papers) | R6: KPMG Assurance and Consulting Services LLP | S6: Reasonable | T6: Net Zero Operations by 2050 | U6: Reported in kilotonnes. No gas split. Inventory per ISO 14064:2018 and WRI/WBCSD GHG Protocol. Scope 3 rise reflects wider downstream logistics boundary (GLEC). | V6: Open report
A7: NTPC | B7: Power generation | C7: Standalone | D7: 3.0900797e+08 | E7: 3.2695995e+08 | F7: =IF(E7=0,"",D7/E7-1) | G7: 72361.35 | H7: 64979.66 | I7: =IF(H7=0,"",G7/H7-1) | J7: =D7+G7 | K7: =IF(J7=0,"",D7/J7) | L7: Not stated | N7: 10588638 | O7: 1973049.6 | P7: 876.11 | Q7: gCO2e per kWh | R7: TUV India Private Limited | S7: Reasonable | T7: No net-zero or absolute GHG target found in BRSR | U7: No gas split. No methodology or Scope 2 basis stated. Scope 3 jump (1.97 Mt to 10.59 Mt) reflects added categories 1-4. | V7: Open report
A8: UltraTech Cement | B8: Cement | C8: Standalone | D8: 88884246 | E8: 81107852 | F8: =IF(E8=0,"",D8/E8-1) | G8: 2040172 | H8: 1884213.6 | I8: =IF(H8=0,"",G8/H8-1) | J8: =D8+G8 | K8: =IF(J8=0,"",D8/J8) | L8: Not stated | N8: 12831002 | O8: 12711287 | P8: 590.77 | Q8: kgCO2 per tonne cementitious | R8: TUV SUD South Asia Private Limited | S8: Reasonable | T8: SBTi-validated: -27% Scope 1 intensity and -69% Scope 2 intensity by 2032 vs 2017; net zero 2050 | U8: No gas split. No methodology or Scope 2 basis stated in BRSR. Absolute Scope 1 up 9.6% with capacity growth while intensity fell 3%. | V8: Open report
A9: Larsen & Toubro | B9: Engineering & construction | C9: Standalone | D9: 617113 | E9: 603953 | F9: =IF(E9=0,"",D9/E9-1) | G9: 289920 | H9: 282341 | I9: =IF(H9=0,"",G9/H9-1) | J9: =D9+G9 | K9: =IF(J9=0,"",D9/J9) | L9: Not stated | N9: 6548226 | O9: 7458242 | R9: BDO India Services Private Limited | S9: Reasonable | T9: Carbon neutrality by 2040 | U9: No gas split; no physical-output intensity. Methodology referred to 'Notes on Sustainability Information' in the Integrated Report. Scope 3 explicitly not assured. | V9: Open report
A10: Mahindra & Mahindra | B10: Automobiles | C10: Standalone | D10: 80319 | E10: 67829 | F10: =IF(E10=0,"",D10/E10-1) | G10: 241210 | H10: 249830 | I10: =IF(H10=0,"",G10/H10-1) | J10: =D10+G10 | K10: =IF(J10=0,"",D10/J10) | L10: Market-based | N10: 123705567 | O10: 94516227 | P10: 0.089 | Q10: tCO2e per equivalent vehicle (Auto) | R10: DNV Business Assurance India Private Limited | S10: Reasonable | T10: Carbon neutral (Scope 1+2) by 2040; SBT commitment | U10: No gas split. GHG Protocol; DNV verified to ISO 14064-3. Scope 3 rise driven by adding Trucks & Buses business. | V10: Open report
A11: Tata Steel | B11: Steel | C11: Standalone + consolidated | D11: 64000000 | E11: 61000000 | F11: =IF(E11=0,"",D11/E11-1) | G11: 5000000 | H11: 5000000 | I11: =IF(H11=0,"",G11/H11-1) | J11: =D11+G11 | K11: =IF(J11=0,"",D11/J11) | L11: Location-based | N11: 28000000 | O11: 23000000 | P11: 3.1 | Q11: tCO2e per tonne crude steel (standalone) | R11: Price Waterhouse & Co Chartered Accountants LLP | S11: Reasonable | T11: Net Zero by 2045 | U11: Reported in million tonnes (rounded). Consolidated: Scope 1 78 Mt; Scope 2 6 Mt; Scope 3 32 Mt. GHG Protocol Corporate and Scope 3 standards. Assurance covers standalone figures. | V11: Open report
A12: Total (10 companies) | D12: =SUM(D2:D11) | E12: =SUM(E2:E11) | F12: =D12/E12-1 | G12: =SUM(G2:G11) | H12: =SUM(H2:H11) | I12: =G12/H12-1 | J12: =SUM(J2:J11)
A14: Blue figures are as reported in each FY2025-26 BRSR (Principle 6). Black cells are formulas.
